Position,Link,Status,Date
1,https://www.ocregister.com/2023/02/17/orange-county-board-of-ed-calls-for-investigation-into-ocsa/,Negative,2/29/2024
2,https://www.csulb.edu/alumni/distinguished-alumni/ralph-s-opacic,Positive,2/29/2024
3,https://oagamut.com/1109/news/ocsa-sexual-abuse-lawsuit-remains-unresolved/,Negative,2/29/2024
4,https://www.reddit.com/r/orangecounty/comments/16m6k3j/what_is_happening_w_ocsa_founder_sexual_assault/,Negative,2/29/2024
5,https://issuu.com/ralphopacic/docs/ralph_opacic_shares_his_greatest_achievement_of_be,Positive,2/29/2024
6,https://mynewsla.com/crime/2023/09/23/one-year-ago-today-september-23-2022-former-oc-school-of-the-arts-student-sues-district/,Negative,2/29/2024
7,https://www.imdb.com/name/nm4694296/,Positive,2/29/2024
8,https://www.linkedin.com/in/ralph-opacic-5018bb6,Positive,2/29/2024
9,https://www.youtube.com/channel/UCMuhTrnikudIEA2Fm5PL2Bw,Positive,2/29/2024
10,https://www.cbsnews.com/losangeles/news/former-student-alleges-he-was-sexually-assaulted-by-ocsa-founder/,Negative,2/29/2024
11,https://voiceofoc.org/2023/02/will-the-oc-board-of-education-investigate-sexual-abuse-claims-at-a-prominent-arts-school/,Negative,2/29/2024
12,https://www.instagram.com/artsdoctor/,Positive,2/29/2024
13,https://patch.com/california/orange-county/classifieds/other/421529/ralph-opacic,Positive,2/29/2024
14,https://medium.com/@ralphopacic06/equality-and-a-new-vision-for-art-education-the-ralph-opacic-perspective-0cd257cdbf44,Positive,2/29/2024
15,https://about.me/opacic,Positive,2/29/2024
16,https://www.linkedin.com/in/ralph-opacic-b707aa255,Positive,2/29/2024
17,https://twitter.com/RalphOpacic,Positive,2/29/2024
18,https://www.loscerritosnews.net/2022/09/23/sexual-assault-lawsuit-filed-against-the-orange-county-school-of-the-arts-and-its-founder-ralph-opacic/,Negative,2/29/2024
19,https://minitubia.fandom.com/wiki/Ralph_Opacic,Positive,2/29/2024
20,https://www.broadwayworld.com/people/Ralph-Opacic/,Positive,2/29/2024
21,https://voiceofoc.org/2023/02/will-the-oc-board-of-education-investigate-sexual-abuse-claims-at-a-prominent-arts-school/,Negative,2/29/2024
22,https://dev.to/ralphopacic,Positive,2/29/2024
23,https://www.slideshare.net/ralphopacic9/dr-ralphopacic-interview,Positive,2/29/2024
24,https://music.apple.com/us/artist/ralph-s-opacic/1466639150,Positive,2/29/2024
25,https://mastodon.social/@ralphopacic,Positive,2/29/2024
26,https://www.ocsarts.net/about-us/who-we-are,Positive,2/29/2024
27,https://www.globenewswire.com/en/news-release/2022/09/23/2522093/0/en/Childhood-Sexual-Assault-Lawsuit-Filed-by-Client-of-Greenberg-Gross-LLP-Against-the-Orange-County-School-of-the-Arts-and-its-founder-Ralph-Opacic.html,Negative,2/29/2024
28,https://community.sydneystartuphub.com/u/ralph-opacic,Positive,2/29/2024
29,https://www.ocregister.com/2022/09/22/former-ocsa-student-alleges-he-was-sexually-assaulted-by-school-founder/,Negative,2/29/2024
30,https://www.f6s.com/member/ralph-opacic,Positive,2/29/2024
31,https://spoutible.com/ralphopacic/media,Positive,2/29/2024
32,https://boucher.la/news/orange-county-school-of-the-arts-complaint/,Negative,2/29/2024
33,https://www.instagram.com/p/CpBFcuDvfFt/,Negative,2/29/2024
34,https://www.youtube.com/watch?v=2I9HrkWGdVI,Positive,2/29/2024
35,https://newsantaana.com/tag/ralph-opacic/,Positive,2/29/2024
36,https://www.ocsarts.net/about-us/blog-news/news-blog/id/5347/news-ocsa-founder-ralph-opacic-announces-retirement,Positive,2/29/2024
37,https://www.facebook.com/weareocsa/videos/words-of-encouragement-from-dr-ralph-opacic/558856154746726/,Positive,2/29/2024
38,https://books.google.com/books?id=lgQEAAAAMBAJ&pg=PA126&lpg=PA126&dq=ralph+opacic&source=bl&ots=rV2EhoidbZ&sig=ACfU3U2a7SmY5iOa7iviJ2cyfbhvoy-T2w&hl=en&sa=X&ved=2ahUKEwjx5YLGwtCEAxVlgP0HHaXMCgc4KBDoAXoECAMQAw,other,2/29/2024
39,https://www.samaritanmag.com/dr-ralph-opacic,Positive,2/29/2024
40,https://www.tiktok.com/discover/ralph-opacic-ocsa,Positive,2/29/2024
1,https://www.instagram.com/artsdoctor/,Positive,2/2/2024
2,https://oagamut.com/1109/news/ocsa-sexual-abuse-lawsuit-remains-unresolved/,Negative,2/2/2024
3,https://www.ocregister.com/2023/02/17/orange-county-board-of-ed-calls-for-investigation-into-ocsa/,Negative,2/2/2024
4,https://www.youtube.com/channel/UCMuhTrnikudIEA2Fm5PL2Bw,Positive,2/2/2024
5,https://www.csulb.edu/alumni/distinguished-alumni/ralph-s-opacic,Positive,2/2/2024
6,https://mynewsla.com/crime/2023/09/23/one-year-ago-today-september-23-2022-former-oc-school-of-the-arts-student-sues-district/,Negative,2/2/2024
7,https://www.reddit.com/r/orangecounty/comments/16m6k3j/what_is_happening_w_ocsa_founder_sexual_assault/,Negative,2/2/2024
8,https://www.imdb.com/name/nm4694296/,Positive,2/2/2024
9,https://www.linkedin.com/in/ralph-opacic-5018bb6,Positive,2/2/2024
10,https://issuu.com/ralphopacic/docs/ralph_opacic_shares_his_greatest_achievement_of_be,Positive,2/2/2024
11,https://voiceofoc.org/2023/02/will-the-oc-board-of-education-investigate-sexual-abuse-claims-at-a-prominent-arts-school/,Negative,2/2/2024
12,https://www.cbsnews.com/losangeles/news/former-student-alleges-he-was-sexually-assaulted-by-ocsa-founder/,Negative,2/2/2024
13,https://medium.com/@ralphopacic06/equality-and-a-new-vision-for-art-education-the-ralph-opacic-perspective-0cd257cdbf44,Positive,2/2/2024
14,https://www.f6s.com/member/ralph-opacic,Positive,2/2/2024
15,https://www.linkedin.com/in/ralph-opacic-b707aa255,Positive,2/2/2024
16,https://voiceofoc.org/2023/01/residents-demand-investigation-into-sexual-abuse-allegations-at-oc-school-of-the-arts/,Negative,2/2/2024
17,https://www.change.org/p/ralph-opacic-ocsarts-net-an-apology-for-gala-2019,Negative,2/2/2024
18,https://music.apple.com/us/artist/ralph-s-opacic/1466639150,Positive,2/2/2024
19,https://www.loscerritosnews.net/2022/09/23/sexual-assault-lawsuit-filed-against-the-orange-county-school-of-the-arts-and-its-founder-ralph-opacic/,Negative,2/2/2024
20,https://soundcloud.com/ralph-opacic,Positive,2/2/2024
21,https://www.instagram.com/ocsas_dailytribute/?hl=en,Other,2/2/2024
22,https://www.ocsarts.net/about-us/who-we-are,Positive,2/2/2024
23,https://www.slideshare.net/ralphopacic9/dr-ralphopacic-interview,Positive,2/2/2024
24,https://twitter.com/RalphOpacic,Positive,2/2/2024
25,https://www.ocregister.com/2022/09/22/former-ocsa-student-alleges-he-was-sexually-assaulted-by-school-founder/,Negative,2/2/2024
26,https://boucher.la/news/orange-county-school-of-the-arts-complaint/,Negative,2/2/2024
27,https://github.com/Ralphopacic,Positive,2/2/2024
28,https://newsantaana.com/tag/ralph-opacic/,Positive,2/2/2024
29,https://www.quora.com/profile/Ralph-Opacic-1,Positive,2/2/2024
30,https://www.globenewswire.com/en/news-release/2022/09/23/2522093/0/en/Childhood-Sexual-Assault-Lawsuit-Filed-by-Client-of-Greenberg-Gross-LLP-Against-the-Orange-County-School-of-the-Arts-and-its-founder-Ralph-Opacic.html,Negative,2/2/2024
31,https://www.broadwayworld.com/people/Ralph-Opacic/,Positive,2/2/2024
32,https://www.youtube.com/watch?v=2I9HrkWGdVI,Positive,2/2/2024
33,https://www.gettyimages.com/detail/news-photo/dr-ralph-opacic-executive-director-of-the-orange-county-news-photo/569196741,Positive,2/2/2024
34,https://www.ocsarts.net/about-us/blog-news/news-blog/id/5347/news-ocsa-founder-ralph-opacic-announces-retirement,Positive,2/2/2024
35,https://www.samaritanmag.com/dr-ralph-opacic,Positive,2/2/2024
36,https://www.facebook.com/weareocsa/videos/words-of-encouragement-from-dr-ralph-opacic/558856154746726/,Positive,2/2/2024
37,https://www.officialusa.com/names/Ralph-Opacic/,Other,2/2/2024
38,https://www.tiktok.com/discover/ralph-opacic-ocsa,Positive,2/2/2024
39,https://vimeo.com/900200217,Positive,2/2/2024
40,https://www.deviantart.com/ralphopacic/art/Ralph-Opacic-1008596179,Positive,2/2/2024
41,https://www.youtube.com/user/artsdoctor,Positive,2/2/2024
42,https://m.facebook.com/weareocsa/posts/10161062133448455/,Positive,2/2/2024
43,https://www.pinterest.com/pin/dr-ralph-opacic-accepts-als-challenge-at-ocsa-in-2023--821414419558887812/,Positive,2/2/2024
44,https://transparentcalifornia.com/salaries/2013/orange-county-high-school-arts/ralph-opacic/,Other,2/2/2024
45,https://www.ocbj.com/oc-500/oc-500-2020/ralph-opacic-2/,Other,2/2/2024
1,https://www.reddit.com/r/orangecounty/comments/16m6k3j/what_is_happening_w_ocsa_founder_sexual_assault/,Negative,1/1/2024
2,https://oagamut.com/1109/news/ocsa-sexual-abuse-lawsuit-remains-unresolved/,Negative,1/1/2024
3,https://www.ocregister.com/2023/02/17/orange-county-board-of-ed-calls-for-investigation-into-ocsa/,Negative,1/1/2024
4,https://www.csulb.edu/alumni/distinguished-alumni/ralph-s-opacic,Positive,1/1/2024
5,https://mynewsla.com/crime/2023/09/23/one-year-ago-today-september-23-2022-former-oc-school-of-the-arts-student-sues-district/,Negative,1/1/2024
6,https://www.instagram.com/artsdoctor/,Positive,1/1/2024
7,https://www.cbsnews.com/losangeles/news/former-student-alleges-he-was-sexually-assaulted-by-ocsa-founder/,Negative,1/1/2024
8,https://voiceofoc.org/2023/01/residents-demand-investigation-into-sexual-abuse-allegations-at-oc-school-of-the-arts/,Negative,1/1/2024
9,https://www.linkedin.com/in/ralph-opacic-5018bb6,Positive,1/1/2024
10,https://www.youtube.com/channel/UCMuhTrnikudIEA2Fm5PL2Bw,Positive,1/1/2024
11,https://www.imdb.com/name/nm4694296/,Positive,1/1/2024
12,https://www.loscerritosnews.net/2022/09/23/sexual-assault-lawsuit-filed-against-the-orange-county-school-of-the-arts-and-its-founder-ralph-opacic/,Negative,1/1/2024
13,https://www.change.org/p/ralph-opacic-ocsarts-net-an-apology-for-gala-2019,Negative,1/1/2024
14,https://medium.com/@ralphopacic06/equality-and-a-new-vision-for-art-education-the-ralph-opacic-perspective-0cd257cdbf44,Positive,1/1/2024
15,https://about.me/opacic,Positive,1/1/2024
16,https://www.broadwayworld.com/people/Ralph-Opacic/,Positive,1/1/2024
17,https://www.globenewswire.com/en/news-release/2022/09/23/2522093/0/en/Childhood-Sexual-Assault-Lawsuit-Filed-by-Client-of-Greenberg-Gross-LLP-Against-the-Orange-County-School-of-the-Arts-and-its-founder-Ralph-Opacic.html,Negative,1/1/2024
18,https://music.apple.com/us/artist/ralph-s-opacic/1466639150,Positive,1/1/2024
19,https://www.ocsarts.net/about-us/who-we-are,Positive,1/1/2024
20,https://soundcloud.com/ralph-opacic,Positive,1/1/2024
21,https://boucher.la/news/orange-county-school-of-the-arts-complaint/,Negative,1/1/2024
22,https://twitter.com/RalphOpacic,Positive,1/1/2024
23,https://github.com/Ralphopacic,Positive,1/1/2024
24,https://www.pinterest.com/pin/dr-ralph-opacic-accepts-als-challenge-at-ocsa-in-2023--821414419558887812/,Positive,1/1/2024
25,https://www.gettyimages.com/detail/news-photo/dr-ralph-opacic-executive-director-of-the-orange-county-news-photo/569196741,Positive,1/1/2024
26,https://www.samaritanmag.com/dr-ralph-opacic,Positive,1/1/2024
27,https://directorscut.productions/ocsa-wip/ralph-opacic-program-intro-videos/,Positive,1/1/2024
28,https://www.ocbj.com/oc-500/oc-500-2020/ralph-opacic-2/,Other,1/1/2024
29,https://www.officialusa.com/names/Ralph-Opacic/,Other,1/1/2024
30,https://www.tiktok.com/discover/ralph-opacic-ocsa,Positive,1/1/2024
31,https://transparentcalifornia.com/salaries/2013/orange-county-high-school-arts/ralph-opacic/,Other,1/1/2024
32,https://issuu.com/ralphopacic/docs/ralph_opacic_shares_his_greatest_achievement_of_be,Positive,1/1/2024
33,https://www.sgvtribune.com/author/roxana-kopetman/,Negative,1/1/2024
34,https://newsantaana.com/tag/ralph-opacic/,Positive,1/1/2024
35,https://www.cbinsights.com/company/orange-county-school-of-the-arts/people,Positive,1/1/2024
36,https://ocsamom.wordpress.com/tag/name-change/,Positive,1/1/2024
37,https://sgv.csarts.net/students-parents/student-services/school-counseling-program,Other,1/1/2024
38,https://books.google.com/books?id=lgQEAAAAMBAJ&pg=PA126&lpg=PA126&dq=ralph+opacic&source=bl&ots=rV2zgre86U&sig=ACfU3U18sDUnfjoB14D7cTnKRDoVa2ymEQ&hl=en&sa=X&ved=2ahUKEwjLoMut6ryDAxWVIUQIHYRJDKU4HhDoAXoECAIQAw,Positive,1/1/2024
39,https://www.smore.com/zj3n5-who-s-who,Positive,1/1/2024
40,https://michaelfharrah.com/awards-philanthropy/,Positive,1/1/2024
41,https://wearefft.com/completed-projects/ocsa/,Positive,1/1/2024
42,https://voiceactorsplacesmediaandmore.fandom.com/wiki/Orange_County_School_of_the_Arts,Positive,1/1/2024
43,https://grindsuccess.com/dr-ralph-opacic-founder-orange-county-school-of-the-arts/,Positive,1/1/2024
44,https://openpayrolls.com/search/ralph-opacic,Positive,1/1/2024
45,https://playbill.com/article/matthew-morrison-gets-by-with-a-little-help-from-his-friends-video-com-189777,Positive,1/1/2024
1,https://www.reddit.com/r/orangecounty/comments/16m6k3j/what_is_happening_w_ocsa_founder_sexual_assault/,Negative,12/26/2023
2,https://oagamut.com/1109/news/ocsa-sexual-abuse-lawsuit-remains-unresolved/,Negative,12/26/2023
3,https://www.ocregister.com/2023/02/17/orange-county-board-of-ed-calls-for-investigation-into-ocsa/,Negative,12/26/2023
4,https://www.csulb.edu/alumni/distinguished-alumni/ralph-s-opacic,Positive,12/26/2023
5,https://mynewsla.com/crime/2023/09/23/one-year-ago-today-september-23-2022-former-oc-school-of-the-arts-student-sues-district/,Negative,12/26/2023
6,https://www.instagram.com/artsdoctor/,Positive,12/26/2023
7,https://www.cbsnews.com/losangeles/news/former-student-alleges-he-was-sexually-assaulted-by-ocsa-founder/,Negative,12/26/2023
8,https://voiceofoc.org/2023/01/residents-demand-investigation-into-sexual-abuse-allegations-at-oc-school-of-the-arts/,Negative,12/26/2023
9,https://www.linkedin.com/in/ralph-opacic-5018bb6,Positive,12/26/2023
10,https://www.imdb.com/name/nm4694296/,Positive,12/26/2023
11,https://www.youtube.com/channel/UCMuhTrnikudIEA2Fm5PL2Bw,Positive,12/26/2023
12,https://www.change.org/p/ralph-opacic-ocsarts-net-an-apology-for-gala-2019,Negative,12/26/2023
13,https://voiceofoc.org/2023/02/will-the-oc-board-of-education-investigate-sexual-abuse-claims-at-a-prominent-arts-school/,Negative,12/26/2023
14,https://www.linkedin.com/in/ralph-opacic-b707aa255,Positive,12/26/2023
15,https://www.youtube.com/@RalphOpacic,Positive,12/26/2023
16,https://issuu.com/ralphopacic/docs/ralph_opacic_shares_his_greatest_achievement_of_be,Positive,12/26/2023
17,https://www.broadwayworld.com/people/Ralph-Opacic/,Positive,12/26/2023
18,https://music.apple.com/us/artist/ralph-s-opacic/1466639150,Positive,12/26/2023
19,https://www.loscerritosnews.net/2022/09/23/sexual-assault-lawsuit-filed-against-the-orange-county-school-of-the-arts-and-its-founder-ralph-opacic/,Negative,12/26/2023
20,https://www.globenewswire.com/en/news-release/2022/09/23/2522093/0/en/Childhood-Sexual-Assault-Lawsuit-Filed-by-Client-of-Greenberg-Gross-LLP-Against-the-Orange-County-School-of-the-Arts-and-its-founder-Ralph-Opacic.html,Negative,12/26/2023
21,https://soundcloud.com/ralph-opacic,Positive,12/26/2023
22,https://www.ocsarts.net/about-us/who-we-are,Positive,12/26/2023
23,https://boucher.la/news/orange-county-school-of-the-arts-complaint/,Negative,12/26/2023
24,https://www.ocregister.com/2022/09/22/former-ocsa-student-alleges-he-was-sexually-assaulted-by-school-founder/,Negative,12/26/2023
25,https://twitter.com/RalphOpacic,Positive,12/26/2023
26,https://github.com/Ralphopacic,Positive,12/26/2023
27,https://www.youtube.com/watch?v=2I9HrkWGdVI,Positive,12/26/2023
28,https://community.sydneystartuphub.com/u/ralph-opacic,Positive,12/26/2023
29,https://newsantaana.com/tag/ralph-opacic/,Positive,12/26/2023
30,https://www.gettyimages.com/detail/news-photo/dr-ralph-opacic-executive-director-of-the-orange-county-news-photo/569196741,Positive,12/26/2023
1,https://www.ocregister.com/2023/02/17/orange-county-board-of-ed-calls-for-investigation-into-ocsa/,Negative,12/19/2023
2,https://www.reddit.com/r/orangecounty/comments/16m6k3j/what_is_happening_w_ocsa_founder_sexual_assault/,Negative,12/19/2023
3,https://oagamut.com/1109/news/ocsa-sexual-abuse-lawsuit-remains-unresolved/,Negative,12/19/2023
4,https://www.csulb.edu/alumni/distinguished-alumni/ralph-s-opacic,Positive,12/19/2023
5,https://mynewsla.com/crime/2023/09/23/one-year-ago-today-september-23-2022-former-oc-school-of-the-arts-student-sues-district/,Negative,12/19/2023
6,https://www.instagram.com/artsdoctor/,Positive,12/19/2023
7,https://www.linkedin.com/in/ralph-opacic-5018bb6,Positive,12/19/2023
8,https://www.cbsnews.com/losangeles/news/former-student-alleges-he-was-sexually-assaulted-by-ocsa-founder/,Negative,12/19/2023
9,https://voiceofoc.org/2023/01/residents-demand-investigation-into-sexual-abuse-allegations-at-oc-school-of-the-arts/,Negative,12/19/2023
10,https://www.youtube.com/channel/UCMuhTrnikudIEA2Fm5PL2Bw,Positive,12/19/2023
11,https://www.loscerritosnews.net/2022/09/23/sexual-assault-lawsuit-filed-against-the-orange-county-school-of-the-arts-and-its-founder-ralph-opacic/,Negative,12/19/2023
12,https://www.imdb.com/name/nm4694296/,Positive,12/19/2023
13,https://www.change.org/p/ralph-opacic-ocsarts-net-an-apology-for-gala-2019,Negative,12/19/2023
14,https://www.youtube.com/@RalphOpacic,Positive,12/19/2023
15,https://www.broadwayworld.com/people/Ralph-Opacic/,Positive,12/19/2023
16,https://www.globenewswire.com/en/news-release/2022/09/23/2522093/0/en/Childhood-Sexual-Assault-Lawsuit-Filed-by-Client-of-Greenberg-Gross-LLP-Against-the-Orange-County-School-of-the-Arts-and-its-founder-Ralph-Opacic.html,Negative,12/19/2023
17,https://www.ocsarts.net/about-us/who-we-are,Positive,12/19/2023
18,https://music.apple.com/us/artist/ralph-s-opacic/1466639150,Positive,12/19/2023
19,https://boucher.la/news/orange-county-school-of-the-arts-complaint/,Negative,12/19/2023
20,https://github.com/Ralphopacic,Positive,12/19/2023
21,https://soundcloud.com/ralph-opacic,Positive,12/19/2023
22,https://twitter.com/RalphOpacic,Positive,12/19/2023
23,https://www.pinterest.com/pin/dr-ralph-opacic-accepts-als-challenge-at-ocsa-in-2023--821414419558887812/,Positive,12/19/2023
24,https://newsantaana.com/tag/ralph-opacic/,Positive,12/19/2023
25,https://www.gettyimages.com/detail/news-photo/dr-ralph-opacic-executive-director-of-the-orange-county-news-photo/569196741,Positive,12/19/2023
26,https://www.facebook.com/weareocsa/videos/words-of-encouragement-from-dr-ralph-opacic/558856154746726/,Positive,12/19/2023
27,https://www.samaritanmag.com/dr-ralph-opacic,Positive,12/19/2023
28,https://directorscut.productions/ocsa-wip/ralph-opacic-program-intro-videos/,Positive,12/19/2023
29,https://www.tiktok.com/discover/ralph-opacic-ocsa,Positive,12/19/2023
30,https://www.officialusa.com/names/Ralph-Opacic/,Other,12/19/2023
31,https://www.ocbj.com/oc-500/2019-oc-500/ralph-opacic/,Other,12/19/2023
32,https://transparentcalifornia.com/salaries/2013/orange-county-high-school-arts/ralph-opacic/,Other,12/19/2023
33,https://www.prweb.com/releases/orange-county-school-of-the-arts-ocsa-founder-and-executive-director-ralph-opacic-announces-retirement-881770887.html,Positive,12/19/2023
34,https://www.cbinsights.com/company/orange-county-school-of-the-arts/people,Positive,12/19/2023
35,https://grindsuccess.com/dr-ralph-opacic-founder-orange-county-school-of-the-arts/,Positive,12/19/2023
36,https://en.wikipedia.org/wiki/Orange_County_School_of_the_Arts,Positive,12/19/2023
1,https://www.ocregister.com/2023/02/17/orange-county-board-of-ed-calls-for-investigation-into-ocsa/,Negative,12/4/2023
2,https://oagamut.com/1109/news/ocsa-sexual-abuse-lawsuit-remains-unresolved/,Negative,12/4/2023
3,https://www.reddit.com/r/orangecounty/comments/16m6k3j/what_is_happening_w_ocsa_founder_sexual_assault/,Negative,12/4/2023
4,https://www.instagram.com/artsdoctor/,Positive,12/4/2023
5,https://mynewsla.com/crime/2023/09/23/one-year-ago-today-september-23-2022-former-oc-school-of-the-arts-student-sues-district/,Negative,12/4/2023
6,https://www.csulb.edu/alumni/distinguished-alumni/ralph-s-opacic,Positive,12/4/2023
7,https://www.cbsnews.com/losangeles/news/former-student-alleges-he-was-sexually-assaulted-by-ocsa-founder/,Negative,12/4/2023
8,https://voiceofoc.org/2023/01/residents-demand-investigation-into-sexual-abuse-allegations-at-oc-school-of-the-arts/,Negative,12/4/2023
9,https://www.linkedin.com/in/ralph-opacic-5018bb6,Positive,12/4/2023
10,https://www.loscerritosnews.net/2022/09/23/sexual-assault-lawsuit-filed-against-the-orange-county-school-of-the-arts-and-its-founder-ralph-opacic/,Negative,12/4/2023
11,https://www.youtube.com/watch?v=eMWDSjEWbng,Positive,12/4/2023
12,https://www.youtube.com/@RalphOpacic,Positive,12/4/2023
13,https://voiceofoc.org/2023/02/will-the-oc-board-of-education-investigate-sexual-abuse-claims-at-a-prominent-arts-school/,Negative,12/4/2023
14,https://www.broadwayworld.com/people/Ralph-Opacic/,Positive,12/4/2023
15,https://www.linkedin.com/in/ralph-opacic-b707aa255,Positive,12/4/2023
16,https://www.globenewswire.com/en/news-release/2022/09/23/2522093/0/en/Childhood-Sexual-Assault-Lawsuit-Filed-by-Client-of-Greenberg-Gross-LLP-Against-the-Orange-County-School-of-the-Arts-and-its-founder-Ralph-Opacic.html,Negative,12/4/2023
17,https://music.apple.com/us/artist/ralph-s-opacic/1466639150,Positive,12/4/2023
18,https://boucher.la/news/orange-county-school-of-the-arts-complaint/,Negative,12/4/2023
19,https://www.ocregister.com/2022/09/22/former-ocsa-student-alleges-he-was-sexually-assaulted-by-school-founder/,Negative,12/4/2023
20,https://www.ocsarts.net/about-us/who-we-are,Positive,12/4/2023
21,https://newsantaana.com/tag/ralph-opacic/,Positive,12/4/2023
22,https://www.imdb.com/name/nm4694296/,Positive,12/4/2023
23,https://www.youtube.com/watch?v=2I9HrkWGdVI,Positive,12/4/2023
24,https://www.pinterest.com/pin/dr-ralph-opacic-accepts-als-challenge-at-ocsa-in-2023--821414419558887812/,Positive,12/4/2023
25,https://www.gettyimages.com/detail/news-photo/dr-ralph-opacic-executive-director-of-the-orange-county-news-photo/569196741,Positive,12/4/2023
26,https://www.ocsarts.net/about-us/blog-news/news-blog/id/5347/news-ocsa-founder-ralph-opacic-announces-retirement,Positive,12/4/2023
27,https://www.tiktok.com/discover/ralph-opacic-ocsa,Positive,12/4/2023
28,https://www.broadwayworld.com/people/gallery-person/Ralph-Opacic/,Positive,12/4/2023
29,https://www.facebook.com/weareocsa/photos/this-week-at-the-arts-schools-network-asn-conference-at-the-university-of-minnes/10156175647253455/?locale=zh_CN,Positive,12/4/2023
30,https://www.facebook.com/weareocsa/videos/words-of-encouragement-from-dr-ralph-opacic/558856154746726/,Positive,12/4/2023
31,https://www.sgvtribune.com/author/roxana-kopetman/,Negative,12/4/2023
32,https://m.facebook.com/weareocsa/posts/10154556042943455/,Positive,12/4/2023
33,https://www.samaritanmag.com/dr-ralph-opacic,Positive,12/4/2023
34,https://directorscut.productions/ocsa-wip/ralph-opacic-program-intro-videos/,Positive,12/4/2023
35,https://www.ocbj.com/oc-500/2019-oc-500/ralph-opacic/,Other,12/4/2023
36,https://www.officialusa.com/names/Ralph-Opacic/,Other,12/4/2023
37,https://www.cbinsights.com/company/orange-county-school-of-the-arts/people,Positive,12/4/2023
38,https://m.facebook.com/weareocsa/posts/10161062133448455/,Positive,12/4/2023
39,https://www.change.org/p/ralph-opacic-ocsarts-net-an-apology-for-gala-2019,Negative,12/4/2023
40,https://www.youtube.com/watch?v=MC2otDXqZXA,Positive,12/4/2023
41,https://www.facebook.com/sgv.csarts/videos/words-of-encouragement-from-dr-ralph-opacic/644648246322432/,Positive,12/4/2023
42,https://www.ocbj.com/oc-500/oc-500-2020/ralph-opacic-2/,Other,12/4/2023
43,https://www.smore.com/zj3n5-who-s-who,Positive,12/4/2023
44,https://music.apple.com/us/artist/ralph-s-opacic/1466639150?l=ar,Positive,12/4/2023
45,https://www.truepeoplesearch.com/find/person/px2lr99n2u8ll40rn92l6,Other,12/4/2023
1,https://www.ocregister.com/2023/02/17/orange-county-board-of-ed-calls-for-investigation-into-ocsa/,Negative,9/27/2023
2,https://oagamut.com/1109/news/ocsa-sexual-abuse-lawsuit-remains-unresolved/,Negative,9/27/2023
3,https://www.cbsnews.com/losangeles/news/former-student-alleges-he-was-sexually-assaulted-by-ocsa-founder/,Negative,9/27/2023
4,https://www.csulb.edu/alumni/distinguished-alumni/ralph-s-opacic,Positive,9/27/2023
5,https://www.instagram.com/artsdoctor/,Positive,9/27/2023
6,https://www.linkedin.com/in/ralph-opacic-5018bb6,Positive,9/27/2023
7,https://www.loscerritosnews.net/2022/09/23/sexual-assault-lawsuit-filed-against-the-orange-county-school-of-the-arts-and-its-founder-ralph-opacic/,Negative,9/27/2023
8,https://www.change.org/p/ralph-opacic-ocsarts-net-an-apology-for-gala-2019,Negative,9/27/2023
9,https://voiceofoc.org/2023/01/residents-demand-investigation-into-sexual-abuse-allegations-at-oc-school-of-the-arts/,Negative,9/27/2023
10,https://www.globenewswire.com/en/news-release/2022/09/23/2522093/0/en/Childhood-Sexual-Assault-Lawsuit-Filed-by-Client-of-Greenberg-Gross-LLP-Against-the-Orange-County-School-of-the-Arts-and-its-founder-Ralph-Opacic.html,Negative,9/27/2023